id,first_name,last_name,email,gender,date_of_birth,country_of_birth
1,Edd,Armor,null,Male,2025-09-12,Costa Rica
2,Fidel,Jandak,fjandak1@netlog.com,Male,2025-12-04,Poland
3,Dara,Pendrid,dpendrid2@oakley.com,Female,2025-07-25,Madagascar
4,Pammy,Juster,pjuster3@acquirethisname.com,Female,2025-03-28,Mexico
5,Eadmund,Youll,eyoull4@imdb.com,Male,2025-12-31,Bosnia and Herzegovina
6,Gav,Longfield,glongfield5@storify.com,Male,2025-11-29,Thailand
7,Happy,Arens,harens6@toplist.cz,Female,2025-09-02,Philippines
8,Mauricio,Pinkard,mpinkard7@kickstarter.com,Male,2025-08-01,Russia
9,Desmund,Drew-Clifton,ddrewclifton8@facebook.com,Male,2025-05-31,Indonesia
10,Zabrina,Blasi,zblasi9@360.cn,Female,2026-01-24,Burkina Faso
11,Davin,Isgar,disgara@xing.com,Male,2025-07-15,Guam
12,Millisent,Ruppert,mruppertb@dropbox.com,Female,2026-03-26,Czech Republic
13,Jefferson,Grandin,jgrandinc@cdbaby.com,Male,2025-04-09,Portugal
14,Mandie,Dauney,mdauneyd@google.co.uk,Female,2025-04-17,Zambia
15,Moselle,McMichael,mmcmichaele@prweb.com,Female,2025-04-02,Brazil
16,Editha,Carverhill,ecarverhillf@house.gov,Female,2025-10-28,Nigeria
17,Toddie,Stork,tstorkg@youku.com,Male,2025-10-13,Sweden
18,Corena,Hurren,churrenh@t.co,Female,2026-01-10,Philippines
19,Elvin,Craddock,ecraddocki@usa.gov,Male,2025-09-11,China
20,Randy,Hurdidge,rhurdidgej@storify.com,Male,2025-08-28,Czech Republic
21,Onfre,Prinne,oprinnek@mac.com,Bigender,2025-04-26,Botswana
22,Abbey,Krystof,akrystofl@sohu.com,Female,2025-04-29,China
23,Justinn,Hatz,,Female,2026-03-10,United States
24,Laetitia,Alcoran,lalcorann@statcounter.com,Female,2026-01-24,Indonesia
25,Pennie,Dotterill,pdotterillo@typepad.com,Male,2025-09-07,Mongolia
26,Breanne,Dorkin,bdorkinp@intel.com,Female,2025-08-22,Honduras
27,Winnie,Hartin,whartinq@sogou.com,Female,2025-07-07,Moldova
28,Hannah,Tunstall,htunstallr@wikimedia.org,Female,2025-06-21,Bangladesh
29,Eugenia,Josefsson,ejosefssons@163.com,Female,2025-08-23,China
30,Wallis,Dobney,wdobneyt@mapquest.com,Polygender,2026-02-23,China